COA2_lnk,name,chassis_make,engine_make,class_colour,class,year,weight,engine_layout,engine_info,engine_mount,driveline,differential,power,torque,power_weight,auto_blip,shift_cut,tc,abs,ers,p2p,drs,boost_adjust,arb_onboard,bb_onboard,headlights,tyre_blankets,gears_no,shift_type,tank_size,# of Tyre Compounds,tyre_compounds,power_steer,steering_dor,steering_rim_type,steering_torque,weight_distribution,wheelbase,track_front,track_rear,tyre_diameter_front,tyre_diameter_rear,notes,row_colour,911-cup-38,https://ams2cars.info/cars/911-cup-38,
[ i ],Aussie Racing Camaro,Chevrolet (Body),Yamaha,,ARC,2014,595,I4,1.3 L - Yamaha FJR1300 - NA,MF,RWD,SPOOL,119,115,0.200 - (109),,Y,,,,,,,,,,,6,Seq-Stick,21,1,AV-ZZR,Y,450,RM,Pk:21 | Av:9,53.0 / 47.0,1.84,1.75,,600,600,,W,cat-360-ss,https://ams2cars.info/cars/cat-360-ss,
[ i ],Porsche 911 GT3 Cup 3.8,Porsche,Porsche,,Carrera Cup,2015,"1,280",HB6,3.8 L - Boxer - NA,R,RWD,C-LSD,450,454,0.352 - (72),Y,Y,,Y,,,,,,Y,Y,,6,Seq-Paddle,101,2,H W,Y,800,RM,Pk:27.2 | Av:13.2,40.6 / 59.4,2.45,,,621,664,,G,corvette-c3,https://ams2cars.info/touring/vintage-tc/corvette-c3/,
[ i ],Porsche 911 GT3 Cup 4.0,Porsche,Porsche,,Carrera Cup,2017,"1,280",HB6,4.0 L - Boxer - NA,R,RWD,C-LSD,462,467,0.361 - (69),Y,Y,,Y,,,,,,Y,Y,,6,Seq-Paddle,101,2,H W,Y,800,RM,Pk:27.2 | Av:13.2,40.6 / 59.4,2.45,,,,,,G,lotus-23,https://ams2cars.info/cars/lotus-23,
[ i ],Caterham 620R,Caterham,Ford,,Caterham,2013,656,I4,2.0 L - Ford Duratec - SC,MF,RWD,C-LSD,300,282,0.457 - (53),,Y,,,,,,,,,Y,,6,Seq-Stick,36,1,SMS,N,720,RM,,48.0 / 52.0,2.22,1.75,,510,536,,W,,,
[ i ],Caterham Academy (270R),Caterham,Ford,,Caterham,2015,620,I4,1.6 L - Ford Sigma - NA,MF,RWD,FIXED,121,158,0.195 - (114),,,,,,,,,,,Y,,5,H,36,1,ST,N,720,RM,,47.8 / 52.2,2.22,,,,,,W,,,
[ i ],Caterham Superlight (360R),Caterham,Ford,,Caterham,2017,630,I4,2.0 L - Ford Duratec - NA,MF,RWD,C-LSD,177,175,0.281 - (88),,Y,,,,,,,,,,,6,Seq-Stick,36,1,AV-ZZR,N,720,RM,,48.0 / 52.0,2.22,,,,,,W,mini-cooper-s,https://ams2cars.info/cars/mini-cooper-s,
[ i ],Caterham Supersport (360R),Caterham,Ford,,Caterham,2017,600,I4,2.0 L - Ford Duratec - NA,MF,RWD,C-LSD,122,162,0.203 - (107),,,,,,,,,,,,,5,H,36,1,AV-ZZS,N,720,RM,,48.0 / 52.0,2.22,,,,,,W,arc-camaro,https://ams2cars.info/cars/arc-camaro,
[ i ],Chevrolet Chevette,Chevrolet,Chevrolet,,Copa Classic (Class: B),*2011-2021,900,I4,1.6 L - G160/1 - NA,FR,RWD,FIXED,123,125,0.137 - (128),,,,,,,,,,,Y,,5,H,41,2,SL W,N,900,RML,,53.8 / 46.2,2.40,,,,,Modern mixed class. Ballast weighted to the figures in the car weight,G,911-cup-40,https://ams2cars.info/cars/911-cup-40,
[ i ],Fiat Uno,Fiat,Fiat,,Copa Classic (Class: B),*2011-2021,860,I4,1.6 L - NA,FR,FWD,FIXED,127,130,0.148 - (127),,,,,,,,,,,Y,,5,H,51,2,SL W,N,900,RMFL3,,62.8 / 37.2,2.35,,,,,Modern mixed class. Ballast weighted to the figures in the car weight,G,cat-620,https://ams2cars.info/cars/cat-620,
[ i ],Puma GTE,Puma,Volkswagen,,Copa Classic (Class: B),*2011-2021,900,HB4,1.6 L - Boxer T126 ArC - NA,R,RWD,FIXED,123,131,0.137 - (128),,,,,,,,,,,Y,,4,H,41,2,SL W,N,900,RM,,42.0 / 58.0,2.15,,,,,Modern mixed class. Ballast weighted to the figures in the car weight,G,cat-270,https://ams2cars.info/cars/cat-270,
[ i ],Volkswagen Gol,Volkswagen,Volkswagen,,Copa Classic (Class: B),*2011-2021,880,I4,1.6 L - NA,FR,FWD,FIXED,120,123,0.136 - (130),,,,,,,,,,,Y,,5,H,51,2,SL W,N,900,RML,,62.8 / 37.2,2.37,,,,,Modern mixed class. Ballast weighted to the figures in the car weight,G,cat-360-sl,https://ams2cars.info/cars/cat-360-sl,
[ i ],Volkswagen Passat,Volkswagen,Volkswagen,,Copa Classic (Class: B),*2011-2021,920,I4,1.6 L - NA,FR,FWD,FIXED,120,123,0.130 - (131),,,,,,,,,,,Y,,5,H,51,2,SL W,N,900,RML,,62.8 / 37.2,2.43,,,,,Modern mixed class. Ballast weighted to the figures in the car weight,G,chevette-ccb,https://ams2cars.info/cars/chevette-ccb,
[ i ],Puma GTB,Puma,Chevrolet,,Copa Classic (Class: FL),*2011-2021,"1,080",S6,4.1 L - NA,FR,RWD,FIXED,212,319,0.196 - (113),,,,,,,,,,,Y,,4,H,55,2,SL W,N,900,RMFL2,,54.2 / 45.8,2.38,,,,,Modern mixed class. Ballast weighted to the figures in the car weight,W,uno-ccb,https://ams2cars.info/cars/uno-ccb,
[ i ],Volkswagen Fusca,Volkswagen,Volkswagen,,Copa Classic (Class: FL),*2011-2021,840,I4,1.8 L - AP LqC - NA,R,RWD,FIXED,165,211,0.196 - (112),,,,,,,,,,,,,4,H,55,2,SL W,N,900,RML,,39.6 / 60.4,2.40,,,,,Modern mixed class. Ballast weighted to the figures in the car weight,W,puma-gte-ccb,https://ams2cars.info/cars/puma-gte-ccb,
[ i ],Volkswagen Gol,Volkswagen,Volkswagen,,Copa Classic (Class: FL),*2011-2021,880,I4,2.0 L - NA,FR,FWD,FIXED,173,220,0.197 - (111),,,,,,,,,,,Y,,4,H,51,2,SL W,N,900,RML,,62.8 / 37.2,2.37,,,,,Modern mixed class. Ballast weighted to the figures in the car weight,W,gol-ccb,https://ams2cars.info/cars/gol-ccb,
[ i ],Volkswagen Passat,Volkswagen,Volkswagen,,Copa Classic (Class: FL),*2011-2021,925,I4,2.0 L - NA,FR,FWD,FIXED,173,220,0.187 - (115),,,,,,,,,,,Y,,5,H,51,2,SL W,N,900,RML,,62.8 / 37.2,2.43,,,,,Modern mixed class. Ballast weighted to the figures in the car weight,W,passat-ccb,https://ams2cars.info/cars/passat-ccb,
[ i ],Volkswagen Fusca,Volkswagen,Volkswagen,,Copa Fusca,*2011-2021,830,I4,1.6 - AR LqC - NA,R,RWD,FIXED,123,131,0.148 - (126),,,,,,,,,,,Y,,4,H,41,1,AW,N,900,RML,,40.0 / 60.0,2.40,,,,,,G,puma-gtb-ccfl,https://ams2cars.info/cars/puma-gtb-ccfl,
[ i ],Chevrolet Montana,Chevrolet,Chevrolet,,Copa Montana,*2010-2012,"1,360",V8,5.7 L - Carburetor - NA,MF,RWD,C-LSD,369,499,0.271 - (93),Y,Y,,,,Y,,,Y,Y,,Y,5,Seq-Stick,101 (90),3,S H W,Y,540,RML,,50.6 / 49.4,2.66,,,,,,W,fusca-ccfl,https://ams2cars.info/cars/fusca-ccfl,
[ i ],IVECO Stralis,IVECO,IVECO,,Copa Truck,*2017-2021,"4,800",S6,12.9 L - Cursor 13 - TC,MF,RWD,SPOOL,"1,334","3,735",0.278 - (90),,,,,,,,,Y,,,,5,H-Dogleg,151,1,D,Y,900,RL,,56.2 / 43.8,3.30,,,,,,G,gol-ccfl,https://ams2cars.info/cars/gol-ccfl,
[ i ],MAN TGX,MAN,MAN,,Copa Truck,*2017-2021,"4,820",S6,12.4 L - D2666 - TC,MF,RWD,SPOOL,"1,334","3,735",0.277 - (91),,,,,,,,,Y,,,,5,H-Dogleg,151,1,D,Y,900,RL,,55.8 / 44.2,3.35,,,,,,G,passat-ccfl,https://ams2cars.info/cars/passat-ccfl,
[ i ],Mercedes-Benz Actros-2651,Mercedes-Benz,Mercedes-Benz,,Copa Truck,*2017-2021,"4,950",S6,12.8 L - Euro V1 - TC,MF,RWD,SPOOL,"1,334","3,735",0.269 - (94),,,,,,,,,Y,,,,5,H-Dogleg,151,1,D,Y,900,RL,,53.8 / 46.2,3.30,,,,,,G,copa-fusca,https://ams2cars.info/cars/copa-fusca,
[ i ],Volkswagen Constellation,Volkswagen,Volkswagen,,Copa Truck,*2017-2021,"4,820",S6,9.4 L - NGD 370 - TC,MF,RWD,SPOOL,"1,334","3,735",0.277 - (91),,,,,,,,,Y,,,,5,H-Dogleg,151,1,D,Y,900,RL,,55.8 / 44.2,3.35,,,,,,G,copa-montana,https://ams2cars.info/cars/copa-montana,
[ i ],Fiat Uno,Fiat,Fiat,,Copa Uno,*1992-1997,860,I4,1.6 L - Type R - NA,FR,FWD,FIXED,131,133,0.152 - (125),,,,,,,,,,,Y,,5,Seq-Stick,51,1,STR,N,900,RML,,61.8 / 38.2,2.35,,,,,1990's Brazilian Formula Uno / Opex Jeans series,W,iveco-ct,https://ams2cars.info/cars/iveco-ct,
[ i ],Cadillac DPi-V.R,Dallara,ECR-Cadillac,,DPi,2018,"1,015",V8,5.5 L - NA,MR,RWD,C-LSD,582,620,0.573 - (41),Y,Y,Y,,,,,,,Y,Y,Y,6,Seq-Paddle,76,2,S W,Y,450,GTF1,See P1/P2,45.4 / 54.6,2.96,,,,,,G,man-ct,https://ams2cars.info/cars/man-ct,
[ i ],F301,Dallara,Ford-Berta,,F3,2001,560,I4,2.3 L - NA,MR,RWD,C-LSD,260,291,0.464 - (51),Y,Y,,,,,,,Y,Y,,,5,Seq-Stick,41 (45.5),2,SL W,N,450,RSF1,Pk:36 | Av:20,44.0 / 56.0,2.60,1.75,,600,600,,W,mb-ct,https://ams2cars.info/cars/mb-ct,
[ i ],F309,Dallara,Ford-Berta,,F3,2009,560,I4,2.3 L - NA,MR,RWD,C-LSD,260,291,0.464 - (51),Y,Y,,,,,,,Y,Y,,,6,Seq-Stick,41 (45.5),2,SL W,N,450,RSU,Pk:36 | Av:20,44.0 / 56.0,2.73,1.6,,516,537,,W,vw-ct,https://ams2cars.info/cars/vw-ct,
[ i ],Formula Classic G1 M1 (Williams FW11B),Reiza,-,,Formula Classic G1,1987,620,V6,1.5 L - TC,MR,RWD,C-LSD,1300,830,2.097 - (2),,,,,,Y,,Y,Y,Y,,Y,5,H-Dogleg,195,2,S W,N,450,RSFL1,Pk:42.5 | Av:12.9,42.4 / 57.6,2.88,1.78,1.63,,,A generic Reiza model from the mid 80's that has taken insperation from the 1987 Williams FW11B,G,copa-uno,https://ams2cars.info/cars/copa-uno,
[ i ],Formula Classic G1 M2 (Arrows-BMW A9),Reiza,-,,Formula Classic G1,1986,630,V6,1.5 L - TC,MR,RWD,C-LSD,1380,860,2.190 - (1),,,,,,Y,,Y,Y,Y,,Y,5,H-Dogleg,195,2,S W,N,450,RSFL2,Pk:42.5 | Av:12.9,41.8 / 58.2,2.80,1.85,1.68,,,"A generic Reiza model from the mid 80's that closely resembles the 1986 Arrows-BMW A9, although the A9 was a 6 speed I4 BMW engine",G,cadillac-dpi,https://ams2cars.info/cars/cadillac-dpi,
[ i ],Formula Classic G2 M1,Reiza,-,,Formula Classic G2,1988,590,V8,3.5 L - NA,MR,RWD,C-LSD,626,431,1.061 - (20),,,,,,,,,Y,Y,,Y,6,H,195,2,S W,N,450,RSFL1,,42.4 / 57.6,2.88,,,,,,W,f301,https://ams2cars.info/cars/f301,
[ i ],Formula Classic G2 M2,Reiza,-,,Formula Classic G2,1988,610,V8,3.5 L - NA,MR,RWD,C-LSD,662,455,1.085 - (19),,,,,,,,,Y,Y,,Y,6,H,195,2,S W,N,450,RSFL2,,42.2 / 57.8,2.88,,,,,,W,f309,https://ams2cars.info/cars/f309,
[ i ],Formula Classic G2 M3,Reiza,-,,Formula Classic G2,1988,620,V6,1.5 L - TC (50% / 2.5 BAR Boost),MR,RWD,C-LSD,776,478,1.252 - (5),,,,,,Y,,,Y,Y,,Y,6,H,195 (150),2,S W,N,450,RS,,42.6 / 57.4,2.88,,,,,,W,fclassic-g1m1,https://ams2cars.info/cars/fclassic-g1m1,
[ i ],Formula Classic G3 M1 (Ferrari 643),Reiza (Ferrari),Ferrari,,Formula Classic G3,1991,620,V12,3.5 L - Tipo 037 - NA,MR,RWD,C-LSD,726,378,1.171 - (10),Y,Y,,,,,,,Y,Y,,Y,7,Seq-Paddle,195,2,S W,N,450,RS,,42.2 / 57.8,2.88,1.8,1.68,612,620,A generic Reiza V12 model from 1991 based on the Ferrari 643,G,fclassic-g1m2,https://ams2cars.info/cars/fclassic-g1m2,
[ i ],Formula Classic G3 M2 (Williams FW14),Reiza (Williams),Renault,,Formula Classic G3,1991,610,V10,3.5 L - RS3C - NA,MR,RWD,C-LSD,707,386,1.159 - (11),Y,Y,,,,,,,Y,Y,,Y,6,Seq-Paddle,195,2,S W,N,450,RS,,42.8 / 57.2,2.88,1.74,1.62,612,620,A generic Reiza V10 model from 1991 based on the Williams FW14,G,fclassic-g2m1,https://ams2cars.info/cars/fclassic-g2m1,
[ i ],Formula Classic G3 M3 (Benetton B191),Reiza (Benetton),Ford,,Formula Classic G3,1991,585,V8,3.5 L - HBA5 - NA,MR,RWD,C-LSD,662,455,1.132 - (17),,,,,,,,,Y,Y,,Y,6,H,195,2,S W,N,450,RSFL2,,43.2 / 56.8,2.89,1.82,1.72,612,620,A generic Reiza V8 model from 1991 based on the Benetton B191,G,fclassic-g2m2,https://ams2cars.info/cars/fclassic-g2m2,
[ i ],Formula Reiza (Red Bull Racing RB7),Reiza (RBR),Renualt,,Formula Reiza,2011,620,V8,2.4 L - RS27 - NA,MR,RWD,C-LSD,754,316,1.216 - (8),Y,Y,,,Y,,Y,,Y,Y,,Y,7,Seq-Paddle,221,4,S I W E,Y,450,F1,Pk:21.8 | Av:13.9,46.6 / 53.4,3.39,,,,,,W,fclassic-g2m3,https://ams2cars.info/cars/fclassic-g2m3,
[ i ],Brabham BT44,Brabham,Ford-Cosworth,,Formula Retro G1,*1973-1974,650,V8,3.0 L - DFV - NA,MR,RWD,C-LSD,480,358,0.738 - (28),,,,,,,,,,Y,,,5,H-Dogleg,191 (250),2,S W,N,540,RSM,Pk:42.5 | Av:12.9,39.4 / 60.6,2.47,,,,,,G,fclassic-g3m1,https://ams2cars.info/cars/fclassic-g3m1,
[ i ],Formula Retro V12,Reiza,-,,Formula Retro G1,1973-1975,670,V12,3.0 L - NA,MR,RWD,C-LSD,516,330,0.770 - (24),,,,,,,,,,Y,,,5,H-Dogleg,191 (250),2,S W,N,540,RSM,Pk:42.5 | Av:12.9,38.8 / 61.2,2.67,,,,,A generic Reiza model of a early to mid 70's. This era mainly featured V8 engines however Reiza have this set to use a V12 with extra high output,G,fclassic-g3m2,https://ams2cars.info/cars/fclassic-g3m2,
[ i ],Formula Retro V8,Reiza,Ford-Cosworth,,Formula Retro G1,1973-1975,655,V8,3.0 L - DFV - NA,MR,RWD,C-LSD,480,358,0.733 - (29),,,,,,,,,,Y,,,5,H-Dogleg,191 (250),2,S W,N,540,RSM,Pk:42.5 | Av:12.9,39.2 / 60.8,2.67,,,,,A generic Reiza model of a early to mid 70's with weight reduction. This era mainly features a common Ford-Cosworth DFV V8,G,fclassic-g3m3,https://ams2cars.info/cars/fclassic-g3m3,
[ i ],Lotus Type 72E,Lotus,Ford-Cosworth,,Formula Retro G1,*1970-1975,640,V8,3.0 L - DFV - NA,MR,RWD,C-LSD,480,358,0.750 - (27),,,,,,,,,,Y,,,5,H-Dogleg,191 (250),2,S W,N,540,RSM,Pk:42.5 | Av:12.9,39.4 / 60.6,2.54,1.52,1.63,,,,G,f-reiza,https://ams2cars.info/cars/f-reiza,
[ i ],McLaren M23,McLaren,Ford-Cosworth,,Formula Retro G1,*1973-1974,655,V8,3.0 L - DFV - NA,MR,RWD,C-LSD,480,358,0.733 - (29),,,,,,,,,,Y,,,5,H-Dogleg,191 (250),2,S W,N,540,RSM,Pk:42.5 | Av:12.9,39.0 / 61.0,2.56,1.57,,486,621,,G,bt44,https://ams2cars.info/cars/bt44,
[ i ],Brabham BT46B,Brabham,Alfa Romeo,,Formula Retro G2,1978,670,HB12,3.0 L - AR 115-12 - NA,MR,RWD,C-LSD,525,428,0.784 - (22),,,,,,,,,Y,Y,,,6,H,191 (250),2,S W,N,540,RSM,Pk:42.5 | Av:12.9,39.0 / 61.0,2.58,,,,,"The unique Brabham ""Fan Car"" that was outlawed..",W,f-retro-g1-v12,https://ams2cars.info/cars/f-retro-g1-v12,
[ i ],Formula Retro Gen2,Reiza,Ford-Cosworth,,Formula Retro G2,1975-1980,655,V8,3.0 L - DFV - NA,MR,RWD,C-LSD,501,373,0.765 - (25),,,,,,,,,Y,Y,,,5,H-Dogleg,191 (250),2,S W,N,540,RSM,Pk:42.5 | Av:12.9,39.3 / 60.7,2.65,,,,,,W,f-retro-g1-v8,https://ams2cars.info/cars/f-retro-g1-v8,
[ i ],Lotus 79,Lotus,Ford-Cosworth,,Formula Retro G2,1977,655,V8,3.0 L - DFV - NA,MR,RWD,C-LSD,501,373,0.765 - (25),,,,,,,,,Y,Y,,,5,H-Dogleg,191 (250),2,S W,N,540,RSM,Pk:42.5 | Av:12.9,39.2 / 60.8,2.78,,,,,,W,lotus-72e,https://ams2cars.info/cars/lotus-72e,
[ i ],Formula Ultimate 2019,Reiza,-,,Formula Ultimate,2019,734,V6,1.6 L - TC,MR,RWD,C-LSD,1010,640,1.376 - (3),Y,Y,,,Y,,Y,,,Y,,Y,8,Seq-Paddle,136,5,S M H I W,Y,450,F1M,Pk:30.1 | Av:15.8,50.0 / 50.0,3.49,,,,,,G,mclaren-m23,https://ams2cars.info/cars/mclaren-m23,
[ i ],Formula V10 G1 (Dome F105),Reiza (Dome F1),Mugen-Honda,,Formula V10 G1,1996,600,V10,3.0 L - MF301H - NA,MR,RWD,C-LSD,730,323,1.217 - (7),Y,Y,,,,,,,Y,Y,,Y,7,Seq-Paddle,221,4,H I W E,Y,450,RSFL1,Pk:21.8 | Av:13.9,46.0 / 54.0,2.89,,,,,A generic F1 vehicle from the mid 90's that closely resembles the unraced Dome F105,W,bt46b,https://ams2cars.info/cars/bt46b,
[ i ],McLaren MP4/12,McLaren,Mercedes-Benz,,Formula V10 G1,1997,600,V10,3.0 L - FO110E - NA,MF,RWD,C-LSD,748,331,1.247 - (6),Y,Y,,,,,,,Y,Y,,Y,6,Seq-Paddle,221,4,H I W E,Y,450,RSU,Pk:21.8 | Av:13.9,46.8 / 53.2,3.02,1.69,,,,,W,f-retro-g2,https://ams2cars.info/cars/f-retro-g2,
[ i ],Formula V10 G2 (Williams FW22),Reiza (Williams),BMW,,Formula V10 G2,2000,600,V10,3.0 L - E41/4 - NA,MR,RWD,C-LSD,816,331,1.360 - (4),Y,Y,Y,,,,,,Y,Y,,Y,7,Seq-Paddle,221,4,H I W E,Y,450,F1,Pk:21.8 | Av:13.9,48.0 / 52.0,3.14,1.6,,631,610,A generic F1 vehicle from the early 2000's that closely resembles Williams FW22,G,lotus-79,https://ams2cars.info/cars/lotus-79,
[ i ],Formula V12 (Ferrari 412 T2),Reiza (Ferrari),Ferrari,,Formula V12,1995,595,V12,3.0 L - Tipo 044 - NA,MR,RWD,C-LSD,660,296,1.109 - (18),Y,Y,Y,,,,,,Y,Y,,Y,6,Seq-Paddle,221 (140),2,SL W,N,450,RSUFL2,,44.6 / 55.4,2.19,1.6,,630,620,A generic V12 Reiza model from the mid 90's that has heavily taken insperation from the 1995 Ferrari 412 T2. After Senna's death in 94 this V12 reduced to 3.0 L and output was cut,W,f-ultimate,https://ams2cars.info/cars/f-ultimate,
[ i ],Formula Vintage G1 M1 (Lotus 49),Reiza (Lotus),Ford-Cosworth,,Formula Vintage G1,1967,595,V8,3.0 L - DFV - NA,MR,RWD,C-LSD,401,313,0.674 - (35),,,,,,,,,,,,,5,H-Dogleg,190,1,TR,N,540,RSM,Pk:26 | Av:9.2,39.2 / 60.8,2.48,,,,,A generic F1 vehicle from the mid 1960's heavily aligned with the 1967 Lotus 49,G,f-v10-g1,https://ams2cars.info/cars/f-v10-g1,
[ i ],Formula Vintage G1 M2 (AAR Eagle Mk1),Reiza (AAR),Gurney-Weslake,,Formula Vintage G1,1966,630,V12,3.0 L - GW Type 58 - NA,MR,RWD,C-LSD,411,284,0.652 - (36),,,,,,,,,,,,,5,H-Dogleg,190,1,TR,N,540,RSM,Pk:26 | Av:9.2,39.0 / 61.0,2.48,,,,,A generic F1 vehicle from the mid 1960's heavily aligned with the 1966 AAR Eagle Mk1,G,mclaren-mp412,https://ams2cars.info/cars/mclaren-mp412,
[ i ],Brabham BT26A,Brabham,Ford-Cosworth,,Formula Vintage G2,1969,595,V8,3.0 L - DFV - NA,MR,RWD,C-LSD,417,326,0.701 - (31),,,,,,,,,,,,,5,H-Dogleg,190,1,TR,N,540,RSM,Pk:26 | Av:9.2,39.3 / 60.7,2.41,,,,,,W,f-v10-g2,https://ams2cars.info/cars/f-v10-g2,
[ i ],Formula Vintage G2 M1,Reiza,Ford-Cosworth,,Formula Vintage G2,1968-1969,595,V8,3.0 L - DFV - NA,MR,RWD,C-LSD,417,326,0.701 - (31),,,,,,,,,,,,,5,H-Dogleg,190,1,TR,N,540,RSM,Pk:26 | Av:9.2,39.2 / 60.8,2.48,,,,,A generic F1 vehicle from the late 1960's,W,f-v12,https://ams2cars.info/cars/f-v12,
[ i ],Formula Vintage G2 M2,Reiza,-,,Formula Vintage G2,1968-1969,630,V12,3.0 L - NA,MR,RWD,C-LSD,428,296,0.679 - (34),,,,,,,,,,,,,5,H-Dogleg,190,1,TR,N,540,RSM,Pk:26 | Av:9.2,39.0 / 61.0,2.48,,,,,A generic F1 vehicle from the late 1960's. Engine spec & output does not align with real life vehicles.,W,f-vintage-g1m1,https://ams2cars.info/cars/f-vintage-g1m1,
[ i ],Lotus Type 49C,Lotus,Ford-Cosworth,,Formula Vintage G2,1967,595,V8,3.0 L - DFV - NA,MR,RWD,C-LSD,417,326,0.701 - (31),,,,,,,,,,,,,5,H-Dogleg,190,1,TR,N,540,RSM,Pk:26 | Av:9.2,39.6 / 60.4,2.41,1.524,1.549,,,,W,f-vintage-g1m2,https://ams2cars.info/cars/f-vintage-g1m2,
[ i ],Formula Vee,Volkswagen,Volkswagen,,FormulaVee Brazil,*2011-2018,530,I4,1.6 L - EA111 LqC - NA,MR,RWD,FIXED,93,159,0.175 - (118),,,,,,,,,,,,,4,H,33,1,STRM,N,900,RSFL3,,46.8 / 53.2,2.27,,,,,2015 FVB introduced VW EA111 liqued cooled engine. Most converted however it looks like Reiza stayed with the boxer air cooled version.,G,bt26a,https://ams2cars.info/cars/bt26a,
[ i ],Formula Vee + Fin,Volkswagen,Volkswagen,,FormulaVee Brazil,*2019-2021,530,I4,1.6 L - EA111 LqC - NA,MR,RWD,FIXED,93,159,0.175 - (118),,,,,,,,,,,,,4,H,33,1,STRM,N,900,RSFL3,,46.8 / 53.2,2.27,,,,,2015 FVB introduced VW EA111 liqued cooled engine. Most converted however it looks like Reiza stayed with the boxer air cooled version.,G,f-vintage-g2m1,https://ams2cars.info/cars/f-vintage-g2m1,
[ i ],Formula Trainer,Reiza,Volkswagen,,FTS,2015,495,I4,1.6 L - EA111 LqC - NA,MR,RWD,FIXED,113,158,0.228 - (99),,Y,,,,,,,,,,,4,Seq-Stick,33,2,SS W,N,450,RSUFL2,Pk:36.9 | Av:14.6,45.0 / 55.0,2.53,1.6,,506,519,,W,f-vintage-g2m2,https://ams2cars.info/cars/f-vintage-g2m2,
[ i ],Formula Trainer Advanced,Reiza,Volkswagen,,FTS,2015,495,I4,1.6 L - EA111 LqC - NA,MR,RWD,FIXED,155,180,0.313 - (80),,Y,,,,,,,,,,,4,Seq-Stick,33,2,SL W,N,450,RSUFL2,Pk:36.9 | Av:14.6,45.0 / 55.0,2.53,,,,,,W,lotus-49c,https://ams2cars.info/cars/lotus-49c,
,Lola T98,Lola,Ford,,F-USA,1998,770,V8,2.65 L - TC,MR,RWD,C-LSD,887,448,1.152 - (12),,Y,,,,,,Y,Y,Y,,,6,Seq-Stick,133,3,S H W,N,450,RSM,,46.0 / 54.0,3.14,,,,,,G,,,
,Reynard 98i Ford,Reynard,Ford,,F-USA,1998,770,V8,2.65 L - TC,MR,RWD,C-LSD,887,448,1.152 - (12),,Y,,,,,,Y,Y,Y,,,6,Seq-Stick,133,3,S H W,N,450,RSM,,46.0 / 54.0,3.14,,,,,,G,,,
,Reynard 98i Honda,Reynard,Honda,,F-USA,1998,770,V8,2.65 L - TC,MR,RWD,C-LSD,903,456,1.173 - (9),,Y,,,,,,Y,Y,Y,,,6,Seq-Stick,133,3,S H W,N,450,RSM,,46.0 / 54.0,3.14,,,,,,G,,,
,Reynard 98i Mercedes,Reynard,Mercedes,,F-USA,1998,770,V8,2.65 L - TC,MR,RWD,C-LSD,887,448,1.152 - (12),,Y,,,,,,Y,Y,Y,,,6,Seq-Stick,133,3,S H W,N,450,RSM,,46.0 / 54.0,3.14,,,,,,G,,,
,Reynard 98i Toyota,Reynard,Toyota,,F-USA,1998,770,V8,2.65 L - TC,MR,RWD,C-LSD,872,440,1.132 - (16),,Y,,,,,,Y,Y,Y,,,6,Seq-Stick,133,3,S H W,N,450,RSM,,46.0 / 54.0,3.14,,,,,,G,,,
,Swift 009c,Swift,Ford,,F-USA,1998,770,V8,2.65 L - TC,MR,RWD,C-LSD,887,448,1.152 - (12),,Y,,,,,,Y,Y,Y,,,6,Seq-Stick,133,3,S H W,N,450,RSM,,46.0 / 54.0,3.14,,,,,,G,,,
[ i ],Ginetta G40,Ginetta,Ford,,Ginetta G40 Cup,2010,890,I4,1.8 L - Ford Zetec - NA,MF,RWD,G-LSD,142,176,0.160 - (123),,,,,,,,,,,Y,,5,H,46,2,H W,N,720,RM,,52.0 / 48.0,2.25,1.642,1.642,,,,W,f-vee,https://ams2cars.info/cars/f-vee,
[ i ],Ginetta G55,Ginetta,Ford,,Ginetta G55 Supercup,2011,"1,195",V6,3.7 L - NA,MF,RWD,C-LSD,370,464,0.310 - (82),Y,Y,,,,,,,,Y,Y,,6,Seq-Paddle,108,2,H W,Y,720,RMFL2,,52.0 / 48.0,2.46,1.6,,616,609,,G,f-vee-fin,https://ams2cars.info/cars/f-vee-fin,
[ i ],BMW M3 Sport Evo GrA,BMW,BMW,,Group A,1992,"1,040",I4,2.5 L - S14 - NA,FR,RWD,C-LSD,328,300,0.315 - (79),,,,Y,,,,,,Y,Y,,5,H-Dogleg,101,2,H W,N,900,RM,,51.6 / 48.4,2.66,1.42,1.43,602,588,High output 2.5 litre engine variant,W,f-trainer,https://ams2cars.info/cars/f-trainer,
[ i ],Mercedes-Benz 190E EVO 2 DTM,Mercedes-Benz,Mercedes-Benz,,Group A,1992,"1,070",I4,2.5 L - NA,FR,RWD,C-LSD,340,303,0.318 - (78),,,,Y,,,,,,Y,Y,,5,H-Dogleg,101,2,H W,N,900,RML,,51.4 / 48.6,2.57,,,,,,W,f-trainer-adv,https://ams2cars.info/cars/f-trainer-adv,
[ i ],Porsche 962C,Porsche,Porsche,,Group C,1985,935,HB6,3.0 L - 935 Boxer - 2xTC,MR,RWD,SPL/C-LSD,723,670,0.773 - (23),,,,,,,,Y,Y,Y,Y,,5,H-Dogleg,101,2,S W,N,540,RM,Pk:25.9 | Av:12.9,42.0 / 58.0,2.82,1.64,1.55,603,629,Group C 100 litre FIA fuel rule,G,g40-cup,https://ams2cars.info/cars/g40-cup,
[ i ],Sauber C9,Sauber,Mercedes-Benz,,Group C,1987,987,V8,5.0 L - M119 - NA,MR,RWD,C-LSD,850,1008,0.861 - (21),,,,,,,,,Y,Y,Y,,5,H-Dogleg,101,2,S W,N,540,RM,Pk:25.9 | Av:12.9,43.2 / 56.8,2.70,1.58,1.55,616,657,Group C 100 litre FIA fuel rule,G,g55-supercup,https://ams2cars.info/cars/g55-supercup,
[ i ],Chevrolet Corvette C3.R,Chevrolet,Chevrolet,,GT Classics,1973,1380,V8,7.0 L - L88 - NA,FR,RWD,FIXED,490,538,0.355 - (70),,,,,,,,,,,Y,,4,H,77,2,SL W,N,900,RML,,38.6 / 61.4,2.25,,,,,,W,m3-gra,https://ams2cars.info/cars/m3-gra,
[ i ],Porsche 911 RSR,Porsche,Porsche,,GT Classics,1974,980,HB6,3.0 L - Boxer - NA,R,RWD,C-LSD,327,315,0.334 - (77),,,,,,,,,,,Y,,5,H,101,2,SL W,N,720,RML,,49.2 / 50.8,2.49,,,,,,W,190e-gra,https://ams2cars.info/cars/190e-gra,
[ i ],McLaren F1 GTR,McLaren,BMW,,GT1,1997,"1,042",V12,6.1 L - BMW S70/2 - NA,MR,RWD,C-LSD,570,681,0.547 - (46),,Y,,,,,,,Y,Y,Y,Y,6,Seq-Stick,101,3,S H W,N,450,RM,Pk:29.8 | Av:15.8,42.8 / 57.2,2.72,1.62,1.58,,,Long Tail sequencial 6-Speed GT1 version,G,porsche-962c,https://ams2cars.info/cars/porsche-962c,
[ i ],Mercedes-Benz CLK LM,Mercedes-Benz,Mercedes-Benz,,GT1,1998,"1,059",V8,5.0 L - GT108B - NA,MR,RWD,C-LSD,600,685,0.567 - (42),,Y,,,,,,,Y,Y,Y,Y,6,Seq-Stick,101,3,S H W,Y,450,RM,Pk:29.8 | Av:15.8,45.0 / 55.0,2.67,1.61,1.65,620,660,,G,sauber-c9,https://ams2cars.info/cars/sauber-c9,
[ i ],Porsche 911 GT1-98,Porsche,Porsche,,GT1,1998,"1,052",HB6,3.2 L - Boxer - 2xTC,MR,RWD,C-LSD,567,609,0.539 - (47),,Y,,,,,,Y,Y,Y,Y,Y,6,Seq-Stick,101,3,S H W,Y,450,RMU,Pk:29.8 | Av:15.8,43.8 / 56.2,2.67,1.6,,601,657,,G,corvette-c3r,https://ams2cars.info/cars/corvette-c3r,
[ i ],BMW M6 GT3,BMW,BMW,,GT3,2017,"1,400",V8,4.4 L - 2xTC,MF,RWD,C-LSD,518,708,0.370 - (68),Y,Y,Y,Y,,,,Y,,Y,Y,Y,6,Seq-Paddle,131 (125),2,S W,Y,540,RMU,Pk:44.5 | Av:20.8,52.0 / 48.0,2.88,1.6,,678,667,,W,911-rsr74,https://ams2cars.info/cars/911-rsr74,
[ i ],McLaren 720S,McLaren,McLaren,,GT3,2019,"1,380",V8,4.0 L - 2xTC,MR,RWD,C-LSD,521,627,0.378 - (67),Y,Y,Y,Y,,,,Y,,Y,Y,Y,7,Seq-Paddle,101 (125),2,S W,Y,480,GTF1,,44.0 / 56.0,2.70,1.745,1.716,650,69,,W,mclaren-f1-gtr,https://ams2cars.info/cars/mclaren-f1-gtr,
[ i ],Mercedes-AMG GT3,Mercedes-AMG,Mercedes-AMG,,GT3,2015,"1,370",V8,6.2 L - NA,MF,RWD,C-LSD,521,604,0.380 - (66),Y,Y,Y,Y,,,,,,Y,Y,Y,6,Seq-Paddle,121,2,S W,Y,640,GTF1,Pk:48.4 | Av:22.6,48.0 / 52.0,2.64,1.68,1.685,650,664,,W,mb-clk-lm,https://ams2cars.info/cars/mb-clk-lm,
[ i ],Porsche 911 GT3 R,Porsche,Porsche,,GT3,2018,"1,328",HB6,4.0 L - Boxer - NA,R,RWD,C-LSD,512,469,0.386 - (65),Y,Y,Y,Y,,,,,,Y,Y,Y,6,Seq-Paddle,101 (120),2,S W,Y,800,RMFL2,Pk:29.5 | Av:14.4,44.2 / 55.8,2.46,1.975,2.02,621,670,,W,porsche-911-gt1,https://ams2cars.info/cars/porsche-911-gt1,
[ i ],BMW M4 GT4,BMW,BMW,,GT4,2018,"1,515",I6,3.0 L - 2xTC,FR,RWD,C-LSD,431,581,0.284 - (86),Y,Y,Y,Y,,,,Y,,Y,Y,,7,Seq-Paddle,126,2,H W,Y,480,GTF1U,Pk:27.5 | Av:14.3,51.4 / 48.6,2.81,,,,,,G,m6-gt3,https://ams2cars.info/cars/m6-gt3,
[ i ],Camaro GT4.R,Chevrolet,Chevrolet,,GT4,2017,"1,495",V8,6.2 L - LT1 - NA,MF,RWD,C-LSD,446,670,0.298 - (83),Y,Y,Y,Y,,,,,,Y,Y,,6,Seq-Paddle,96 (120),2,H W,Y,720,GTF1FL2,,54.0 / 46.0,2.81,,,,,,G,720s-gt3,https://ams2cars.info/cars/720s-gt3,
[ i ],Ginetta G55 GT4,Ginetta,Ford,,GT4,2012,"1,240",V6,3.7 L - NA,MF,RWD,C-LSD,368,463,0.297 - (84),Y,Y,Y,Y,,,,,,Y,Y,,6,Seq-Stick,108,2,H W,N,720,RMFL2,,52.0 / 48.0,2.46,,,,,,G,amg-gt3,https://ams2cars.info/cars/amg-gt3,
[ i ],McLaren 570S,McLaren,McLaren,,GT4,2016,"1,520",V8,3.8 L - M838T - 2xTC,MR,RWD,C-LSD,426,445,0.280 - (89),Y,Y,Y,Y,,,,Y,,Y,Y,,7,Seq-Paddle,108,2,H W,Y,450,RSFL3,Pk:14.5 | Av:8.5,43.2 / 56.8,2.67,1.6,,617,637,,G,911-gt3,https://ams2cars.info/cars/911-gt3,
[ i ],Porsche Cayman GT4 CS MR,Porsche,Porsche,,GT4,2016,"1,390",HB6,3.8 L - Boxer - NA,MR,RWD,C-LSD,400,454,0.288 - (85),Y,Y,Y,Y,,,,,,Y,Y,,6,Seq-Paddle,101,2,H W,Y,800,RMFL2,Pk:18.9 | Av:11,44.0 / 56.0,2.48,,,,,,G,m4-gt4,https://ams2cars.info/cars/m4-gt4,
[ i ],Ginetta G40,Ginetta,Ford,,GT5,2011,910,I4,1.8 L - Ford Zetec - NA,MF,RWD,G-LSD,156,185,0.171 - (121),,,,,,,,,,,Y,,6,Seq-Stick,46,2,H W,N,720,RM,,52.0 / 48.0,2.25,1.642,1.642,,,,W,camaro-gt4,https://ams2cars.info/cars/camaro-gt4,
[ i ],Puma P052,Puma,Mitsubishi,,GT5,2017,940,I4,2.0 L - 4B11T - TC (50% boost),MR,RWD,FIXED,163,209,0.173 - (120),,,,,,,,Y,,,,,5,H,46,2,H W,Y,540,RMFL3,,48.0 / 52.0,2.47,,,,,Road version Puma GT Lumimari,W,g55-gt4,https://ams2cars.info/cars/g55-gt4,
[ i ],BMW M8 GTE,BMW,BMW,,GTE,2017,"1,320",V8,4.0 L - 2xTC,MF,RWD,C-LSD,546,743,0.414 - (59),Y,Y,Y,,,,,,,Y,Y,6,6,Seq-Paddle,93,4,S M H W,Y,540,GTF1,Pk:54.4 | Av:34.7,51.0 / 49.0,2.86,,,,,,G,570s-gt4,https://ams2cars.info/cars/570s-gt4,
[ i ],Chevrolet Corvette C8.R,Chevrolet,Chevrolet,,GTE,2020,"1,328",V8,5.5 L - NA,MR,RWD,C-LSD,526,637,0.396 - (64),Y,Y,Y,,,,,,,Y,Y,6,6,Seq-Paddle,96,4,S M H W,Y,480,GTF1,Pk:44.8 | Av:26.3,42.2 / 57.8,2.72,,,,,,G,cayman-gt4,https://ams2cars.info/cars/cayman-gt4,
[ i ],Porsche 911 RSR-19,Porsche,Porsche,,GTE,2019,"1,328",HB6,4.2 L - Boxer - NA,MR,RWD,C-LSD,528,485,0.398 - (63),Y,Y,Y,,,,,,,Y,Y,6,6,Seq-Paddle,97,4,S M H W,Y,540,GTF1FL2,Pk:40 | Av:18,43.8 / 56.2,2.51,,,,,,G,g40-gt5,https://ams2cars.info/cars/g40-gt5,
[ i ],Volkswagen Fusca HC1,Volkswagen,Volkswagen,,Hot Cars,*1983-1987,760,HB4,1.6 L - Boxer T126 ArC - NA,R,RWD,FIXED,160,183,0.211 - (101),,,,,,,,,,,,,4,H,55,2,SL W,N,900,RML,,38.2 / 61.8,2.40,,,,,Classic touring cars that were tuned up and raced in the early 80's,W,puma-gt5,https://ams2cars.info/cars/puma-gt5,
[ i ],Volkswagen Fusca HC2,Volkswagen,Volkswagen,,Hot Cars,*1983-1987,760,HB4,1.6 L - Boxer T126 ArC - NA,R,RWD,FIXED,160,183,0.211 - (101),,,,,,,,,,,,,4,H,55,2,SL W,N,900,RML,,38.0 / 62.0,2.40,,,,,Classic touring cars that were tuned up and raced in the early 80's,W,m8-gte,https://ams2cars.info/cars/m8-gte,
[ i ],Volkswagen Gol,Volkswagen,Volkswagen,,Hot Cars,*1983-1987,775,I4,1.6 L - LqC - NA,FR,FWD,FIXED,160,183,0.206 - (104),,,,,,,,,,,,,4,H,51,2,SL W,N,900,RML,,62.8 / 37.2,2.37,,,,,Classic touring cars that were tuned up and raced in the early 80's,W,c8r-gte,https://ams2cars.info/cars/c8r-gte,
[ i ],Volkswagen Passat,Volkswagen,Volkswagen,,Hot Cars,*1983-1987,785,I4,1.8 L - GT LqC - NA,FR,FWD,FIXED,165,211,0.210 - (103),,,,,,,,,,,,,4,H,51,2,SL W,N,900,RML,,63.0 / 37.0,2.43,,,,,Classic touring cars that were tuned up and raced in the early 80's,W,911-rsr19-gte,https://ams2cars.info/cars/911-rsr19-gte,
[ i ],MINI Cooper,MINI,BMW,,JCW,*2014-2021,"1,160",I4,2.0 L - TC,FR,AWD,FIXED,278,351,0.240 - (97),,Y,Y,,,,,Y,,,,,6,Seq-Stick,56 (44),2,SL AW,Y,900,RM,Pk:26.1 | Av:11.8,61.0 / 39.0,2.49,1.49,1.49,,,,G,fusca-hc1,https://ams2cars.info/cars/fusca-hc1,
[ i ],Kart 125cc 2STROKE,Reiza,-,,Karting 125CC,-,155,1C,0.125 L - NA,MR,RWD,SPOOL,32,21,0.206 - (104),,,,,,,,,,,,,1,-,10,2,SL W,N,180,RSMFL1,20,43.2 / 56.8,1.04,,,,,,W,fusca-hc2,https://ams2cars.info/cars/fusca-hc2,
[ i ],Kart GX390 Race,Reiza,-,,Karting GX390,-,170,1C,0.389 L - NA,MR,RWD,SPOOL,11,25,0.065 - (134),,,,,,,,,,,,,1,-,10,2,SL W,N,180,RSMFL1,20,42.4 / 57.6,1.03,,,,,,W,gol-hc,https://ams2cars.info/cars/gol-hc,
[ i ],Kart GX390 Rental,Reiza,-,,Karting Rental,-,190,1C,0.389 L - NA,MR,RWD,SPOOL,12,25,0.063 - (135),,,,,,,,,,,,,1,-,10,2,SL W,N,180,RSMFL1,20,42.4 / 57.6,1.03,,,,,,W,passat-hc,https://ams2cars.info/cars/passat-hc,
[ i ],Kart 125cc Shifter,Reiza,-,,Karting Shifter,-,155,1C,0.125 L - NA,MR,RWD,SPOOL,34,22,0.219 - (100),,,,,,,,,,,,,6,Seq,10,2,SL W,N,180,RSMFL1,20,42.2 / 57.8,1.03,,,,,,W,mini-jcw,https://ams2cars.info/cars/mini-jcw,
[ i ],Mitsubishi Lancer R,Mitsubishi,Mitsubishi,,Lancer Cup,2007-2012,"1,490",I4,2.0 L - 4B11T Mivec - TC,FR,AWD,GC-LSD,295,372,0.198 - (110),,,Y,Y,,,,Y,,,,,5,H,56,2,SL W,Y,900,RM,Pk:24.6 | Av:13.4,59.0 / 41.0,2.65,,,,,,G,kart-125,https://ams2cars.info/cars/kart-125,
[ i ],Mitsubishi Lancer RS,Mitsubishi,Mitsubishi,,Lancer Cup,2007-2012,"1,490",I4,2.0 L - 4B11T Mivec - TC,FR,AWD,GC-LSD,306,372,0.205 - (106),,Y,Y,Y,,,,Y,,,,,6,Seq-Stick,56,2,SL W,Y,900,RM,Pk:24.6 | Av:13.4,59.0 / 41.0,2.65,,,,,,G,kart-race,https://ams2cars.info/cars/kart-race,
[ i ],BMW M1 Procar,BMW,BMW,,M1 PROCAR,1979,"1,100",S6,3.5 L - M88/1 - NA,MR,RWD,C-LSD,488,419,0.444 - (56),,,,,,,,,,Y,Y,,5,H-Dogleg,101 (116),2,SL W,N,720,RM,,43.6 / 56.4,2.56,1.55,1.58,571,588,A Group 4 Procar,W,kart-rental,https://ams2cars.info/cars/kart-rental,
[ i ],Chevrolet Opala,Chevrolet,Chevrolet,,Old Stock Race,*2014-2021,"1,100",S6,4.1 L - NA,FR,RWD,FIXED,293,415,0.266 - (95),,,,,,,,,,,,,5,H,55 (100),1,STRM,Y,900,RML,,55.0 / 45.0,2.67,,,,,A modern race series featuring updated classic Opalas from the late 70's/early 80's. I believe hydrualic & elctronic power steering is used,G,kart-shifter,https://ams2cars.info/cars/kart-shifter,
[ i ],Ginetta G58,Ginetta,Ginetta,,P1,2018,"1,020",V8,6.2 L - NA,MR,RWD,C-LSD,564,663,0.553 - (45),Y,Y,Y,Y,,,,,Y,Y,Y,Y,6,Seq-Paddle,101 (103),2,S W,Y,450,GTF1,Lvl3: Pk:66 | Av:29,46.0 / 54.0,2.90,,,,,,W,lancer-r,https://ams2cars.info/cars/lancer-r,
[ i ],MetalMoro AJR,MetalMoro,Chevrolet,,P1,2017,960,V8,6.2 & 6.9 L - LS3 - NA,MR,RWD,C-LSD,594,700,0.619 - (38),Y,Y,Y,Y,,,Y,,Y,Y,Y,Y,6,Seq-Paddle,101,2,S W,Y,450,RMFL3,EPAS - P1/P2,42.0 / 58.0,2.72,,,,,,W,lancer-rs,https://ams2cars.info/cars/lancer-rs,
[ i ],MetalMoro AJR,MetalMoro,Honda,,P1,2017,935,I4,2.4 L - K24 - L5 TC,MR,RWD,C-LSD,579,663,0.619 - (37),Y,Y,Y,Y,,,Y,Y,Y,Y,Y,Y,6,Seq-Paddle,101,2,S W,Y,450,RMFL3,^,42.8 / 57.2,2.72,,,,,,W,m1-procar,https://ams2cars.info/cars/m1-procar,
[ i ],MetalMoro AJR,MetalMoro,Nissan,,P1,2017,960,V6,3.5 L - VQ35 - TC,MR,RWD,C-LSD,579,641,0.603 - (39),Y,Y,,,,,,Y,Y,Y,Y,Y,6,Seq-Paddle,101,2,S W,Y,450,RMFL3,Lvl1: Pk:63 | Av:34,42.5 / 57.5,2.72,,,,,,W,opala-oldstock,https://ams2cars.info/cars/opala-oldstock,
[ i ],MetalMoro AJR,MetalMoro,Judd,,P1,2017,950,V10,4.2 L - GV - NA,MR,RWD,C-LSD,556,432,0.585 - (40),Y,Y,,,,,,,Y,Y,Y,Y,6,Seq-Paddle,101,2,S W,Y,450,RMFL3,^,42.4 / 57.6,2.72,,,,,Although permitted there are no no results for Judd entry from 2017 onwards. A Judd 4.0 or 4.2 L V10 also produces 750 HP therefore this would be heavily restricted.,W,g58-p1,https://ams2cars.info/cars/g58-p1,
[ i ],MetalMoro MRX,MetalMoro,Ford,,P2,2018,800,I4,2.0 L - TC,MR,RWD,C-LSD,372,405,0.465 - (50),Y,Y,Y,,,,,,,Y,Y,Y,6,Seq-Stick,101 (92),2,SL W,Y,450,F1,Lvl6: Pk:45 | Av:21,48.8 / 51.2,2.65,,,,,,G,ajr-chevy-p1,https://ams2cars.info/cars/ajr-chevy-p1,
[ i ],Sigma P1,Sigma,Audi,,P2,2017,"1,170",V8,4.2 L - Audi ABZ - BW TC,MR,RWD,C-LSD,501,672,0.428 - (57),Y,Y,Y,,,,Y,Y,Y,Y,Y,Y,6,Seq-Paddle,101,2,SL W,Y,450,GTF1,^,39.0 / 61.0,2.98,,,,,,G,ajr-honda-p1,https://ams2cars.info/cars/ajr-honda-p1,
[ i ],MetalMoro MRX,MetalMoro,Ford,,P3,2009,780,I4,2.0 L - TC,MR,RWD,C-LSD,355,342,0.455 - (54),,Y,,,,,,,,Y,Y,Y,6,Seq-Stick,101 (92),2,SL W,Y,450,RSU,Pk:58 | Av:28,48.0 / 52.0,2.65,,,,,,W,ajr-v6-p1,https://ams2cars.info/cars/ajr-v6-p1,
[ i ],MetalMoro MRX,MetalMoro,Honda,,P3,2009,740,I4,2.0 L - NA,MR,RWD,C-LSD,303,330,0.409 - (61),,Y,,,,,,,,Y,Y,Y,6,Seq-Stick,101 (92),2,SL W,Y,450,RSU,Pk:58 | Av:28,48.0 / 52.0,2.65,,,,,,W,ajr-judd-p1,https://ams2cars.info/cars/ajr-judd-p1,
[ i ],Roco 001,Roco,Suzuki,,P3,2018,550,I4,1.5 L - Hayabusa - NA,MR,RWD,C-LSD,283,227,0.515 - (48),Y,Y,,,,,,,,Y,Y,Y,6,Seq-Stick,74,2,SL W,Y,450,GTF1U,Pk:58 | Av:28,45.0 / 55.0,2.56,,,,,,W,mrx-dura-p2,https://ams2cars.info/cars/mrx-dura-p2,
[ i ],MCR S2000,MCR,Ford,,P4,2013,525,I4,2.0 L - Ford Duratec - NA,MR,RWD,FIXED,217,243,0.413 - (60),,Y,,,,,,,Y,Y,Y,Y,5,Seq-Stick,46,2,SL W,Y,450,RSFL2,,42.0 / 58.0,2.59,1.475,1.423,,,,G,sigma-p1-p2,https://ams2cars.info/cars/sigma-p1-p2,
[ i ],MetalMoro MRX,MetalMoro,Ford,,P4,2009,770,I4,2.0 L - Ford Duratec - NA,MR,RWD,C-LSD,311,349,0.404 - (62),,Y,,,,,,,,Y,Y,Y,6,Seq-Stick,101 (92),2,SL W,Y,450,RS,,47.0 / 53.0,2.65,,,,,,G,mrx-dura-p3,https://ams2cars.info/cars/mrx-dura-p3,
[ i ],Sprint Race,Sprint Race,Chevrolet,,Sprint Race,*2012-2019 (2016),940,V6,3.0 L - NA,MR,RWD,C-LSD,265,303,0.282 - (87),,Y,,,,,,,Y,Y,,,6,Seq-Stick,71,2,SL AW,Y,540,GTF1,,41.6 / 58.4,2.62,1.63,,621,607,This vehicle design ran between 2012-2019 & was replaced by 3.6 L Camaro in 2020. 2016-2019 version features onboard adjustable ARB's,W,mrx-honda-p3,https://ams2cars.info/cars/mrx-honda-p3,
[ i ],Chevrolet Opala,Chevrolet,Chevrolet,,Stock Car Brasil,1979,"1,100",S6,4.1 L - NA,FR,RWD,FIXED,176,297,0.160 - (122),,,,,,,,,,,,,4,H,55,1,SL W,N,900,RML,,55.0 / 45.0,2.67,1.46,,621,623,,G,roco-001-p3,https://ams2cars.info/cars/roco-001-p3,
[ i ],Chevrolet Opala,Chevrolet,Chevrolet,,Stock Car Brasil,1986,"1,080",S6,4.1 L - NA,FR,RWD,FIXED,248,381,0.230 - (98),,,,,,,,,,,Y,,4,H,55 (100),2,H W,N,900,RML,,54.2 / 45.8,2.67,,,,,,G,mcr-p4,https://ams2cars.info/cars/mcr-p4,
[ i ],Chevrolet Omega,Chevrolet,Chevrolet,,Stock Car Brasil,1999,"1,080",S6,4.1 L - NA,MF,RWD,FIXED,338,478,0.313 - (81),,,,,,,,,,,,,5,H-Dogleg,55 (120),2,H W,N,540,RML,,54.0 / 46.0,2.73,,,,,,G,mrx-dura-p4,https://ams2cars.info/cars/mrx-dura-p4,
[ i ],Chevrolet Cruz,JL Racing,Chevrolet-MAST,,Stock Car Brasil,2019,"1,340",V8,6.8 L - MAST LS3 JLR - NA,MF,RWD,C-LSD,473,564,0.353 - (71),Y,Y,,,,Y,,,,Y,,Y,6,Seq-Paddle,101,3,H W,Y,540,GTF1,,50.6 / 49.4,2.80,,,,,,G,sr-16,https://ams2cars.info/cars/sr-16,
[ i ],Chevrolet Cruz,JL Racing,Chevrolet-MAST,,Stock Car Brasil,2020,"1,370",V8,6.8 L - MAST LS3 JLR - NA,MF,RWD,C-LSD,473,564,0.345 - (73),Y,Y,,,,Y,,,,Y,Y,Y,6,Seq-Paddle,101,2,H W,Y,540,GTF1,,50.6 / 49.4,2.71,,,,,,G,opala-79,https://ams2cars.info/cars/opala-79,
[ i ],Toyota Carolla,JL Racing,DART,,Stock Car Brasil,2020,"1,370",V8,6.8 L - DART SHP LS NP JLR - NA,MF,RWD,C-LSD,473,564,0.345 - (73),Y,Y,,,,Y,,,,Y,Y,Y,6,Seq-Paddle,101,2,H W,Y,540,GTF1,,50.6 / 49.4,2.73,,,,,,G,opala-86,https://ams2cars.info/cars/opala-86,
[ i ],Chevrolet Cruz,JL Racing,Chevrolet-MAST,,Stock Car Brasil,2021,"1,370",V8,6.8 L - MAST LS3 JLR - NA,MF,RWD,C-LSD,473,564,0.345 - (73),Y,Y,,,,Y,,,,Y,Y,Y,6,Seq-Paddle,101,2,H W,Y,540,GTF1,,50.6 / 49.4,2.71,,,,,,G,brasil-stock-99,https://ams2cars.info/cars/brasil-stock-99,
[ i ],Toyota Carolla,JL Racing,DART,,Stock Car Brasil,2021,"1,370",V8,6.8 L - DART SHP LS NP JLR - NA,MF,RWD,C-LSD,473,564,0.345 - (73),Y,Y,,,,Y,,,,Y,Y,Y,6,Seq-Paddle,101,2,H W,Y,540,GTF1,,50.6 / 49.4,2.73,,,,,,G,brasil-chevy-19,https://ams2cars.info/cars/brasil-chevy-19,
[ i ],Chevrolet Camaro SS,Chevrolet,Chevrolet,,Street Cars,2019,"1,751",V8,6.2 L - LT1 - NA,MF,RWD,C-LSD,446,596,0.255 - (96),,,Y,Y,,,,,,,Y,,6,H,96 (72),1,STR,Y,900,RMFL2,,56.5 / 43.5,2.81,,,,,,W,brasil-chevy-20,https://ams2cars.info/cars/brasil-chevy-20,
[ i ],McLaren F1 LM,McLaren,BMW,,Street Cars,1995,"1,142",V12,6.1 L - BMW S70/2 - NA,MR,RWD,C-LSD,635,664,0.556 - (44),,,,,,,,,,,Y,,6,H,101 (90),1,STR,Y,870,RM,,42.4 / 57.6,2.74,,,,,,W,brasil-toyota-20,https://ams2cars.info/cars/brasil-toyota-20,
[ i ],Ultima GTR (640),Ultima,Chevrolet-AS,,Street Cars,2000,"1,070",V8,6.2 L - LS3 - NA,MR,RWD,C-LSD,606,693,0.566 - (43),,,,,,,,,,,Y,,5,H-Dogleg,101 (78),1,STR,N,870,RM,,42.6 / 57.4,2.56,,,,,,W,brasil-chevy-21,https://ams2cars.info/cars/brasil-chevy-21,
[ i ],Super Kart 250cc,Reiza,-,,Super Kart,-,220,2C,0.25 L - NA,MR,RWD,SPOOL,93,53,0.423 - (58),,,,,,,,,,,,,6,Seq-Stick,19,2,SL W,N,180,RSMFL1,20,39.2 / 60.8,1.04,,,,,,G,brasil-toyota-21,https://ams2cars.info/cars/brasil-toyota-21,
[ i ],Super V8 (Gen2 ZB),Reiza,GMH,,Super V8,2018,"1,395",V8,5.0 L - NA,FR,RWD,SPOOL,631,637,0.452 - (55),,Y,,,,,,,Y,Y,Y,,6,Seq-Stick,113,3,S H W,Y,450,RMFL3,Pk:25 | Av:15,53.8 / 46.2,2.72,1.6,,642,624,iRacing have the Super Car DOR set at 380 degrees. Which developer is correct..?,W,camaro-ss,https://ams2cars.info/cars/camaro-ss,
,Volkswagen Polo,Volkswagen,Volkswagen,,TSI Cup,2021,"1,232",3C,1.0 L - TC,FR,FWD,C-LSD,129,235,0.105 - (132),Y,Y,Y,Y,,,,Y,,,Y,,6,Automatic,53,,AW,Y,830,RML,,53.0 / 47.0,2.57,,,,,,G,,,
,Volkswagen Virtus,Volkswagen,Volkswagen,,TSI Cup,2021,"1,277",3C,1.0 L - TC,FR,FWD,C-LSD,129,235,0.101 - (133),Y,Y,Y,Y,,,,Y,,,Y,,6,Automatic,53,,AW,Y,830,RML,,53.0 / 47.0,2.65,,,,,,G,,,
[ i ],Ultima GTR Race,Ultima,Chevrolet,,Ultima,2006,"1,100",V8,7.0 L - LS7 - NA,MR,RWD,C-LSD,538,626,0.489 - (49),Y,Y,,,,,,,Y,Y,Y,Y,6,Seq-Stick,101,2,S W,N,540,RM,,42.6 / 57.4,2.60,1.6,,613,666,,W,mclaren-f1-lm,https://ams2cars.info/cars/mclaren-f1-lm,
[ i ],BMW 2002 Turbo,BMW,BMW,,Vintage Touring Cars T1,1973,1072,I4,2.0 L - M10 - TC,FR,RWD,C-LSD,197,256,0.184 - (116),,,,,,,,,,,Y,,4,H,71,1,V,N,900,RL,,50.5 / 49.5,2.51,,,,,,G,ultima-gtr,https://ams2cars.info/cars/ultima-gtr,
[ i ],Chevrolet Corvette C3,Chevrolet,Chevrolet,,Vintage Touring Cars T1,1973,1520,V8,5.7 L - NA,FR,RWD,C-LSD,305,386,0.201 - (108),,,,,,,,,,,Y,,4,H,77,1,V,N,900,RL,,49.4 / 50.6,2.49,,,,,,G,super-kart-250,https://ams2cars.info/cars/super-kart-250,
[ i ],Lotus 23,Lotus,Ford-Cosworth,,Vintage Touring Cars T2,1962,540,I4,1.0 L - NA,MR,RWD,FIXED,95,102,0.176 - (117),,,,,,,,,,,Y,,4,H,41,1,V,N,720,RM,,42.0 / 58.0,2.29,,,,,,W,super-v8,https://ams2cars.info/cars/super-v8,
[ i ],Mini Cooper S,MINI,MINI,,Vintage Touring Cars T2,1965,700,I4,1.3 L - NA,FR,FWD,FIXED,108,138,0.154 - (124),,,,,,,,,,,Y,,4,H,26,1,V,N,900,RM,,61.0 / 39.0,2.03,,,,,,W,ultima-gtr-race,https://ams2cars.info/cars/ultima-gtr-race,
,,,,,,,,,,,,,,,,,,,,,,,,,,,,,,,,,,,,,,,,,,,,,,,
  AMS2 Version,,1.3.2.1,,,,,,,,,,,,,,,,,,,,,,,,,,,,,,,,,,,,,,,,,,,,,
  Spreadsheet Version,,1.0.30,,,,,,,,,,,,,,,,,,,,,,,,,,,,,,,,,,,,,,,,,,,,,
,,,,,,,,,,,,,,,,,,,,,,,,,,,,,,,,,,,,,,,,,,,,,,,
Wheel Rim Type Code,,Description,,,,,,,,,,,,,,,,,,,,,,,,,,,,,,,,,,,,,,,,,,,,,
RS,,Round Small size,,,,,,,,,,,,,,,,,,,,,,,,,,,,,,,,,,,,,,,,,,,,,
RSM,,Round Small/Medium size,,,,,,,,,,,,,,,,,,,,,,,,,,,,,,,,,,,,,,,,,,,,,
RM,,Round Medium size,,,,,,,,,,,,,,,,,,,,,,,,,,,,,,,,,,,,,,,,,,,,,
RML,,Round Medium/Large size,,,,,,,,,,,,,,,,,,,,,,,,,,,,,,,,,,,,,,,,,,,,,
RL,,Round Large size,,,,,,,,,,,,,,,,,,,,,,,,,,,,,,,,,,,,,,,,,,,,,
,,,,,,,,,,,,,,,,,,,,,,,,,,,,,,,,,,,,,,,,,,,,,,,
RSF1,,Round Small size with F1 shape,,,,,,,,,,,,,,,,,,,,,,,,,,,,,,,,,,,,,,,,,,,,,
RSFL1,,Round Small size with flat top,,,,,,,,,,,,,,,,,,,,,,,,,,,,,,,,,,,,,,,,,,,,,
RSFL2,,Round Small size with flat bottom,,,,,,,,,,,,,,,,,,,,,,,,,,,,,,,,,,,,,,,,,,,,,
RSFL3,,Round Small size with flat top & bottom,,,,,,,,,,,,,,,,,,,,,,,,,,,,,,,,,,,,,,,,,,,,,
RSU,,Round Small size with top removed,,,,,,,,,,,,,,,,,,,,,,,,,,,,,,,,,,,,,,,,,,,,,
RSUFL2,,Round Small size with top removed & flat bottom,,,,,,,,,,,,,,,,,,,,,,,,,,,,,,,,,,,,,,,,,,,,,
,,,,,,,,,,,,,,,,,,,,,,,,,,,,,,,,,,,,,,,,,,,,,,,
RSMFL1,,Round Small/Medium size with flat top,,,,,,,,,,,,,,,,,,,,,,,,,,,,,,,,,,,,,,,,,,,,,
,,,,,,,,,,,,,,,,,,,,,,,,,,,,,,,,,,,,,,,,,,,,,,,
RMFL2,,Round Medium size with flat bottom,,,,,,,,,,,,,,,,,,,,,,,,,,,,,,,,,,,,,,,,,,,,,
RMFL3,,Round Medium size with flat top & bottom,,,,,,,,,,,,,,,,,,,,,,,,,,,,,,,,,,,,,,,,,,,,,
RMU,,Round Medium size with top removed,,,,,,,,,,,,,,,,,,,,,,,,,,,,,,,,,,,,,,,,,,,,,
,,,,,,,,,,,,,,,,,,,,,,,,,,,,,,,,,,,,,,,,,,,,,,,
F1,,Modern F1,,,,,,,,,,,,,,,,,,,,,,,,,,,,,,,,,,,,,,,,,,,,,
F1M,,Modern F1 with bottom removed,,,,,,,,,,,,,,,,,,,,,,,,,,,,,,,,,,,,,,,,,,,,,
,,,,,,,,,,,,,,,,,,,,,,,,,,,,,,,,,,,,,,,,,,,,,,,
GTF1,,Modern GT3/F1 Style rim with larger diameter,,,,,,,,,,,,,,,,,,,,,,,,,,,,,,,,,,,,,,,,,,,,,
GTF1FL2,,Modern GT3/F1 Style rim with larger diameter and flat bottom,,,,,,,,,,,,,,,,,,,,,,,,,,,,,,,,,,,,,,,,,,,,,
GTF1U,,Modern GT3/F1 Style rim with larger diameter with top removed,,,,,,,,,,,,,,,,,,,,,,,,,,,,,,,,,,,,,,,,,,,,,
,,,,,,,,,,,,,,,,,,,,,,,,,,,,,,,,,,,,,,,,,,,,,,,
   Incorrect with real life vehicle,,,,,,,,,,,,,,,,,,,,,,,,,,,,,,,,,,,,,,,,,,,,,,,
   Semi incorrect with real life vehicle. eg. Some Formula cars could only alter front ARB from onboard,,,,,,,,,,,,,,,,,,,,,,,,,,,,,,,,,,,,,,,,,,,,,,,
   Unsure with data. Best educated guess taken for now..,,,,,,,,,,,,,,,,,,,,,,,,,,,,,,,,,,,,,,,,,,,,,,,
,,,,,,,,,,,,,,,,,,,,,,,,,,,,,,,,,,,,,,,,,,,,,,,
*Depicts the years the series raced in..,,,,,,,,,,,,,,,,,,,,,,,,,,,,,,,,,,,,,,,,,,,,,,,